HTM Level;Area;Trixel Count
13;18.15015077;218
14;13.48772276;648
15;11.23456487;2159
16;10.14571237;7799
17;9.612018169;29555
18;9.345821686;114946
